{"Open": 18.059999465942383, "High": 18.239999771118164, "Low": 17.53499984741211, "Close": 17.600000381469727, "Volume": 409200, "Dividends": 0.0, "Stock Splits": 0, "high-low": 0.7049999237060547, "Previous Close": 18.040000915527344, "high-previous_close": 0.1999988555908203, "low-previous_close": -0.5050010681152344, "true_range": 0.7049999237060547, "average_true_range": 0.8579942964275784, "high_low_avg": 17.887499809265137, "lower_band": 14.884519771768613, "higher_band": 20.89047984676166, "super_trend": 20.89047984676166, "final_higher_band": 20.89047984676166, "final_lower_band": 14.884519771768613, "buy_or_sell": false, "portfolio_values": 64693.50996101158, "percentage_change": 0.0}