{"Open": 22.350000381469727, "High": 22.540000915527344, "Low": 22.059999465942383, "Close": 22.229999542236328, "Volume": 172000, "Dividends": 0.0, "Stock Splits": 0, "high-low": 0.48000144958496094, "Previous Close": 22.280000686645508, "high-previous_close": 0.26000022888183594, "low-previous_close": -0.220001220703125, "true_range": 0.48000144958496094, "average_true_range": 0.6528999328613281, "high_low_avg": 22.300000190734863, "lower_band": 20.014850425720216, "higher_band": 24.58514995574951, "super_trend": 24.58514995574951, "final_higher_band": 24.58514995574951, "final_lower_band": 21.24645051956177, "buy_or_sell": false, "portfolio_values": 64693.65343828762, "percentage_change": 0.0}