{"Open": 20.5, "High": 20.59000015258789, "Low": 19.850000381469727, "Close": 20.15999984741211, "Volume": 286700, "Dividends": 0.0, "Stock Splits": 0, "high-low": 0.7399997711181641, "Previous Close": 20.760000228881836, "high-previous_close": -0.1700000762939453, "low-previous_close": -0.9099998474121094, "true_range": 0.7399997711181641, "average_true_range": 0.6479999542236328, "high_low_avg": 20.22000026702881, "lower_band": 17.952000427246094, "higher_band": 22.488000106811523, "super_trend": 22.488000106811523, "final_higher_band": 22.488000106811523, "final_lower_band": 18.52859992980957, "buy_or_sell": false, "portfolio_values": 64693.531657349995, "percentage_change": 0.0}