{"Open": 23.559999465942383, "High": 23.704999923706055, "Low": 23.200000762939453, "Close": 23.290000915527344, "Volume": 151300, "Dividends": 0.0, "Stock Splits": 0, "high-low": 0.5049991607666016, "Previous Close": 23.360000610351562, "high-previous_close": 0.3449993133544922, "low-previous_close": -0.15999984741210938, "true_range": 0.5049991607666016, "average_true_range": 0.6302999496459961, "high_low_avg": 23.452500343322754, "lower_band": 21.24645051956177, "higher_band": 25.65855016708374, "super_trend": 25.484549903869627, "final_higher_band": 25.484549903869627, "final_lower_band": 21.24645051956177, "buy_or_sell": false, "portfolio_values": 64693.39698679623, "percentage_change": 0.0}