{"Open": 19.059999465942383, "High": 19.2549991607666, "Low": 18.0, "Close": 18.040000915527344, "Volume": 431500, "Dividends": 0.0, "Stock Splits": 0, "high-low": 1.2549991607666016, "Previous Close": 19.329999923706055, "high-previous_close": -0.07500076293945312, "low-previous_close": -1.3299999237060547, "true_range": 1.2549991607666016, "average_true_range": 0.8837741339941882, "high_low_avg": 18.6274995803833, "lower_band": 15.534290111403642, "higher_band": 21.72070904936296, "super_trend": 21.72070904936296, "final_higher_band": 21.72070904936296, "final_lower_band": 18.48632235955982, "buy_or_sell": false, "portfolio_values": 64693.500058147496, "percentage_change": 0.0}