{"Open": 18.34000015258789, "High": 19.045000076293945, "Low": 18.34000015258789, "Close": 18.84000015258789, "Volume": 227258, "Dividends": 0.0, "Stock Splits": 0, "high-low": 0.7049999237060547, "Previous Close": 18.149999618530273, "high-previous_close": 0.8950004577636719, "low-previous_close": 0.1900005340576172, "true_range": 0.8950004577636719, "average_true_range": 0.927299690246582, "high_low_avg": 18.692500114440918, "lower_band": 15.446951198577882, "higher_band": 21.938049030303954, "super_trend": 20.89047984676166, "final_higher_band": 20.89047984676166, "final_lower_band": 15.446951198577882, "buy_or_sell": false, "portfolio_values": 64693.554185656765, "percentage_change": 0.0}