{"Open": 17.75, "High": 18.329999923706055, "Low": 17.725000381469727, "Close": 18.100000381469727, "Volume": 235000, "Dividends": 0.0, "Stock Splits": 0, "high-low": 0.6049995422363281, "Previous Close": 17.6299991607666, "high-previous_close": 0.7000007629394531, "low-previous_close": 0.095001220703125, "true_range": 0.7000007629394531, "average_true_range": 0.8895236010221836, "high_low_avg": 18.02750015258789, "lower_band": 14.914167549010248, "higher_band": 21.140832756165533, "super_trend": 20.89047984676166, "final_higher_band": 20.89047984676166, "final_lower_band": 14.914167549010248, "buy_or_sell": false, "portfolio_values": 64693.45369668171, "percentage_change": 0.0}