{"Open": 20.06999969482422, "High": 20.389999389648438, "Low": 19.81999969482422, "Close": 19.950000762939453, "Volume": 267000, "Dividends": 0.046, "Stock Splits": 0, "high-low": 0.5699996948242188, "Previous Close": 20.11400032043457, "high-previous_close": 0.2759990692138672, "low-previous_close": -0.29400062561035156, "true_range": 0.5699996948242188, "average_true_range": 0.649644493430116, "high_low_avg": 20.104999542236328, "lower_band": 17.831243815230923, "higher_band": 22.378755269241733, "super_trend": 22.378755269241733, "final_higher_band": 22.378755269241733, "final_lower_band": 18.48632235955982, "buy_or_sell": false, "portfolio_values": 64693.55272237053, "percentage_change": 0.0}