{"Open": 21.639999389648438, "High": 21.649999618530273, "Low": 20.709999084472656, "Close": 21.0, "Volume": 354600, "Dividends": 0.0, "Stock Splits": 0, "high-low": 0.9400005340576172, "Previous Close": 21.709999084472656, "high-previous_close": -0.05999946594238281, "low-previous_close": -1.0, "true_range": 0.9400005340576172, "average_true_range": 0.6679000854492188, "high_low_avg": 21.179999351501465, "lower_band": 18.8423490524292, "higher_band": 23.51764965057373, "super_trend": 23.51764965057373, "final_higher_band": 23.51764965057373, "final_lower_band": 21.24645051956177, "buy_or_sell": false, "portfolio_values": 64693.731230152, "percentage_change": 0.0}