{"Open": 18.170000076293945, "High": 18.170000076293945, "Low": 17.309999465942383, "Close": 17.6299991607666, "Volume": 303200, "Dividends": 0.0, "Stock Splits": 0, "high-low": 0.8600006103515625, "Previous Close": 18.329999923706055, "high-previous_close": -0.15999984741210938, "low-previous_close": -1.0200004577636719, "true_range": 0.8600006103515625, "average_true_range": 0.9133090950235122, "high_low_avg": 17.739999771118164, "lower_band": 14.543417938535871, "higher_band": 20.936581603700457, "super_trend": 20.89047984676166, "final_higher_band": 20.89047984676166, "final_lower_band": 14.884519771768613, "buy_or_sell": false, "portfolio_values": 64693.643625068595, "percentage_change": 0.0}