{"Open": 17.770000457763672, "High": 18.520000457763672, "Low": 17.450000762939453, "Close": 18.329999923706055, "Volume": 297200, "Dividends": 0.0, "Stock Splits": 0, "high-low": 1.0699996948242188, "Previous Close": 17.600000381469727, "high-previous_close": 0.9200000762939453, "low-previous_close": -0.14999961853027344, "true_range": 1.0699996948242188, "average_true_range": 0.9171036427359383, "high_low_avg": 17.985000610351562, "lower_band": 14.775137860775779, "higher_band": 21.194863359927346, "super_trend": 20.89047984676166, "final_higher_band": 20.89047984676166, "final_lower_band": 14.884519771768613, "buy_or_sell": false, "portfolio_values": 64693.606200127055, "percentage_change": 0.0}