{"Open": 8.050000190734863, "High": 8.329999923706055, "Low": 7.78000020980835, "Close": 8.079999923706055, "Volume": 57845800, "Dividends": 0, "Stock Splits": 0, "high-low": 0.5499997138977051, "Previous Close": 7.940000057220459, "high-previous_close": 0.3899998664855957, "low-previous_close": -0.15999984741210938, "true_range": 0.5499997138977051, "average_true_range": 0.39099998474121095, "high_low_avg": 8.055000066757202, "lower_band": 6.686500120162964, "higher_band": 9.42350001335144, "super_trend": 8.478550052642822, "final_higher_band": 8.478550052642822, "final_lower_band": 6.915949821472168, "buy_or_sell": false, "portfolio_values": 19013.228467449044, "percentage_change": 0.0}