{"Open": 8.010000228881836, "High": 8.5, "Low": 7.9710001945495605, "Close": 8.130000114440918, "Volume": 47328100, "Dividends": 0, "Stock Splits": 0, "high-low": 0.5289998054504395, "Previous Close": 8.079999923706055, "high-previous_close": 0.4200000762939453, "low-previous_close": -0.10899972915649414, "true_range": 0.5289998054504395, "average_true_range": 0.41489996910095217, "high_low_avg": 8.23550009727478, "lower_band": 6.783350205421447, "higher_band": 9.687649989128113, "super_trend": 8.478550052642822, "final_higher_band": 8.478550052642822, "final_lower_band": 6.915949821472168, "buy_or_sell": false, "portfolio_values": 19013.228467449044, "percentage_change": 0.0}