{"Open": 7.349999904632568, "High": 7.829999923706055, "Low": 7.349999904632568, "Close": 7.53000020980835, "Volume": 45347800, "Dividends": 0, "Stock Splits": 0, "high-low": 0.48000001907348633, "Previous Close": 7.400000095367432, "high-previous_close": 0.42999982833862305, "low-previous_close": -0.05000019073486328, "true_range": 0.48000001907348633, "average_true_range": 0.3765000820159912, "high_low_avg": 7.5899999141693115, "lower_band": 6.272249627113342, "higher_band": 8.90775020122528, "super_trend": 8.478550052642822, "final_higher_band": 8.478550052642822, "final_lower_band": 6.915949821472168, "buy_or_sell": false, "portfolio_values": 19013.228467449044, "percentage_change": 0.0}