{"Open": 7.78000020980835, "High": 7.914999961853027, "Low": 7.599999904632568, "Close": 7.619999885559082, "Volume": 30290600, "Dividends": 0, "Stock Splits": 0, "high-low": 0.315000057220459, "Previous Close": 7.860000133514404, "high-previous_close": 0.05499982833862305, "low-previous_close": -0.26000022888183594, "true_range": 0.315000057220459, "average_true_range": 0.3085000991821289, "high_low_avg": 7.757499933242798, "lower_band": 6.677749586105347, "higher_band": 8.83725028038025, "super_trend": 8.478550052642822, "final_higher_band": 8.478550052642822, "final_lower_band": 6.915949821472168, "buy_or_sell": false, "portfolio_values": 19013.228467449044, "percentage_change": 0.0}