{"Open": 7.75, "High": 7.929999828338623, "Low": 7.639999866485596, "Close": 7.78000020980835, "Volume": 42065600, "Dividends": 0, "Stock Splits": 0, "high-low": 0.28999996185302734, "Previous Close": 8.010000228881836, "high-previous_close": -0.08000040054321289, "low-previous_close": -0.37000036239624023, "true_range": 0.28999996185302734, "average_true_range": 0.3100000858306885, "high_low_avg": 7.784999847412109, "lower_band": 6.699999547004699, "higher_band": 8.87000014781952, "super_trend": 8.478550052642822, "final_higher_band": 8.478550052642822, "final_lower_band": 6.915949821472168, "buy_or_sell": false, "portfolio_values": 19013.228467449044, "percentage_change": 0.0}