{"Open": 7.630000114440918, "High": 8.0, "Low": 7.619999885559082, "Close": 7.940000057220459, "Volume": 31919100, "Dividends": 0, "Stock Splits": 0, "high-low": 0.38000011444091797, "Previous Close": 7.630000114440918, "high-previous_close": 0.36999988555908203, "low-previous_close": -0.010000228881835938, "true_range": 0.38000011444091797, "average_true_range": 0.4010000705718994, "high_low_avg": 7.809999942779541, "lower_band": 6.406499695777893, "higher_band": 9.21350018978119, "super_trend": 8.478550052642822, "final_higher_band": 8.478550052642822, "final_lower_band": 6.915949821472168, "buy_or_sell": false, "portfolio_values": 19013.228467449044, "percentage_change": 0.0}