{"Open": 7.71999979019165, "High": 8.069999694824219, "Low": 7.65500020980835, "Close": 7.690000057220459, "Volume": 36728800, "Dividends": 0, "Stock Splits": 0, "high-low": 0.41499948501586914, "Previous Close": 7.619999885559082, "high-previous_close": 0.4499998092651367, "low-previous_close": 0.03500032424926758, "true_range": 0.4499998092651367, "average_true_range": 0.32850008010864257, "high_low_avg": 7.862499952316284, "lower_band": 6.712749671936035, "higher_band": 9.012250232696534, "super_trend": 8.478550052642822, "final_higher_band": 8.478550052642822, "final_lower_band": 6.915949821472168, "buy_or_sell": false, "portfolio_values": 19013.228467449044, "percentage_change": 0.0}