{"Open": 7.449999809265137, "High": 7.630000114440918, "Low": 7.329999923706055, "Close": 7.630000114440918, "Volume": 29367500, "Dividends": 0, "Stock Splits": 0, "high-low": 0.3000001907348633, "Previous Close": 7.480000019073486, "high-previous_close": 0.15000009536743164, "low-previous_close": -0.15000009536743164, "true_range": 0.3000001907348633, "average_true_range": 0.28600006103515624, "high_low_avg": 7.480000019073486, "lower_band": 6.47899980545044, "higher_band": 8.481000232696534, "super_trend": 8.478550052642822, "final_higher_band": 8.478550052642822, "final_lower_band": 6.915949821472168, "buy_or_sell": false, "portfolio_values": 19013.228467449044, "percentage_change": 0.0}