{"Open": 7.860000133514404, "High": 8.029999732971191, "Low": 7.820000171661377, "Close": 8.010000228881836, "Volume": 30503600, "Dividends": 0, "Stock Splits": 0, "high-low": 0.20999956130981445, "Previous Close": 7.789999961853027, "high-previous_close": 0.23999977111816406, "low-previous_close": 0.03000020980834961, "true_range": 0.23999977111816406, "average_true_range": 0.2883000373840332, "high_low_avg": 7.924999952316284, "lower_band": 6.915949821472168, "higher_band": 8.9340500831604, "super_trend": 8.478550052642822, "final_higher_band": 8.478550052642822, "final_lower_band": 6.915949821472168, "buy_or_sell": false, "portfolio_values": 19013.228467449044, "percentage_change": 0.0}