{"Open": 7.690000057220459, "High": 7.835000038146973, "Low": 7.460000038146973, "Close": 7.630000114440918, "Volume": 31711900, "Dividends": 0, "Stock Splits": 0, "high-low": 0.375, "Previous Close": 7.53000020980835, "high-previous_close": 0.30499982833862305, "low-previous_close": -0.07000017166137695, "true_range": 0.375, "average_true_range": 0.39300007820129396, "high_low_avg": 7.647500038146973, "lower_band": 6.271999764442444, "higher_band": 9.0230003118515, "super_trend": 8.478550052642822, "final_higher_band": 8.478550052642822, "final_lower_band": 6.915949821472168, "buy_or_sell": false, "portfolio_values": 19013.228467449044, "percentage_change": 0.0}