{"Open": 7.679999828338623, "High": 7.820000171661377, "Low": 7.639999866485596, "Close": 7.789999961853027, "Volume": 27822300, "Dividends": 0, "Stock Splits": 0, "high-low": 0.18000030517578125, "Previous Close": 7.53000020980835, "high-previous_close": 0.28999996185302734, "low-previous_close": 0.1099996566772461, "true_range": 0.28999996185302734, "average_true_range": 0.3143001079559326, "high_low_avg": 7.730000019073486, "lower_band": 6.629949641227722, "higher_band": 8.830050396919251, "super_trend": 8.478550052642822, "final_higher_band": 8.478550052642822, "final_lower_band": 6.629949641227722, "buy_or_sell": false, "portfolio_values": 19013.228467449044, "percentage_change": 0.0}