{"Open": 356.6499938964844, "High": 360.3399963378906, "Low": 356.6499938964844, "Close": 360.2799987792969, "Volume": 302300, "Dividends": 0.0, "Stock Splits": 0, "high-low": 3.69000244140625, "Previous Close": 354.6600036621094, "high-previous_close": 5.67999267578125, "low-previous_close": 1.989990234375, "true_range": 5.67999267578125, "average_true_range": 7.588003540039063, "high_low_avg": 358.4949951171875, "lower_band": 331.9369827270508, "higher_band": 385.0530075073242, "super_trend": 368.05651397705077, "final_higher_band": 368.05651397705077, "final_lower_band": 335.0559875488281, "buy_or_sell": false, "portfolio_values": 369340.0972589107, "percentage_change": 0.0}