{"Open": 331.8299865722656, "High": 333.25, "Low": 328.19000244140625, "Close": 332.75, "Volume": 706500, "Dividends": 0.0, "Stock Splits": 0, "high-low": 5.05999755859375, "Previous Close": 335.260009765625, "high-previous_close": -2.010009765625, "low-previous_close": -7.07000732421875, "true_range": 5.05999755859375, "average_true_range": 7.686004638671875, "high_low_avg": 330.7200012207031, "lower_band": 303.81898498535156, "higher_band": 357.6210174560547, "super_trend": 357.6210174560547, "final_higher_band": 357.6210174560547, "final_lower_band": 335.0559875488281, "buy_or_sell": false, "portfolio_values": 369340.23448094324, "percentage_change": 0.0}