{"Open": 343.0, "High": 344.7900085449219, "Low": 339.5, "Close": 342.8900146484375, "Volume": 438500, "Dividends": 0.0, "Stock Splits": 0, "high-low": 5.290008544921875, "Previous Close": 341.4100036621094, "high-previous_close": 3.3800048828125, "low-previous_close": -1.910003662109375, "true_range": 5.290008544921875, "average_true_range": 7.734002685546875, "high_low_avg": 342.14500427246094, "lower_band": 315.07599487304685, "higher_band": 369.214013671875, "super_trend": 368.05651397705077, "final_higher_band": 368.05651397705077, "final_lower_band": 335.0559875488281, "buy_or_sell": false, "portfolio_values": 369339.7316420545, "percentage_change": 0.0}