{"Open": 332.1700134277344, "High": 335.5199890136719, "Low": 330.5, "Close": 333.2799987792969, "Volume": 472200, "Dividends": 0.0, "Stock Splits": 0, "high-low": 5.019989013671875, "Previous Close": 335.3599853515625, "high-previous_close": 0.160003662109375, "low-previous_close": -4.8599853515625, "true_range": 5.019989013671875, "average_true_range": 7.016000366210937, "high_low_avg": 333.00999450683594, "lower_band": 308.45399322509763, "higher_band": 357.56599578857424, "super_trend": 357.5135025024414, "final_higher_band": 357.5135025024414, "final_lower_band": 308.45399322509763, "buy_or_sell": false, "portfolio_values": 369339.1914168542, "percentage_change": 0.0}