{"Open": 334.8599853515625, "High": 340.0, "Low": 328.2300109863281, "Close": 328.2300109863281, "Volume": 501300, "Dividends": 0.0, "Stock Splits": 0, "high-low": 11.769989013671875, "Previous Close": 333.2799987792969, "high-previous_close": 6.720001220703125, "low-previous_close": -5.04998779296875, "true_range": 11.769989013671875, "average_true_range": 7.441998291015625, "high_low_avg": 334.11500549316406, "lower_band": 308.06801147460936, "higher_band": 360.16199951171876, "super_trend": 357.5135025024414, "final_higher_band": 357.5135025024414, "final_lower_band": 308.45399322509763, "buy_or_sell": false, "portfolio_values": 369339.62954261265, "percentage_change": 0.0}