{"Open": 311.8599853515625, "High": 316.8699951171875, "Low": 307.1499938964844, "Close": 307.3699951171875, "Volume": 991300, "Dividends": 0.0, "Stock Splits": 0, "high-low": 9.720001220703125, "Previous Close": 313.04998779296875, "high-previous_close": 3.82000732421875, "low-previous_close": -5.899993896484375, "true_range": 9.720001220703125, "average_true_range": 7.885500871599288, "high_low_avg": 312.00999450683594, "lower_band": 284.41074145623844, "higher_band": 339.60924755743343, "super_trend": 339.1939978333854, "final_higher_band": 339.1939978333854, "final_lower_band": 307.71382638740295, "buy_or_sell": false, "portfolio_values": 369339.4143819136, "percentage_change": 0.0}