{"Open": 318.6300048828125, "High": 324.25, "Low": 316.3800048828125, "Close": 317.239990234375, "Volume": 1130200, "Dividends": 0.0, "Stock Splits": 0, "high-low": 7.8699951171875, "Previous Close": 319.32000732421875, "high-previous_close": 4.92999267578125, "low-previous_close": -2.94000244140625, "true_range": 7.8699951171875, "average_true_range": 7.272998046875, "high_low_avg": 320.31500244140625, "lower_band": 294.85950927734376, "higher_band": 345.77049560546874, "super_trend": 343.10899047851564, "final_higher_band": 343.10899047851564, "final_lower_band": 308.45399322509763, "buy_or_sell": false, "portfolio_values": 369339.97722508427, "percentage_change": 0.0}