{"Open": 316.6600036621094, "High": 317.1199951171875, "Low": 309.3399963378906, "Close": 313.04998779296875, "Volume": 2652800, "Dividends": 0.0, "Stock Splits": 0, "high-low": 7.779998779296875, "Previous Close": 321.29998779296875, "high-previous_close": -4.17999267578125, "low-previous_close": -11.959991455078125, "true_range": 7.779998779296875, "average_true_range": 7.418286315956107, "high_low_avg": 313.22999572753906, "lower_band": 287.2659936216927, "higher_band": 339.1939978333854, "super_trend": 339.1939978333854, "final_higher_band": 339.1939978333854, "final_lower_band": 307.71382638740295, "buy_or_sell": false, "portfolio_values": 369341.13209305034, "percentage_change": 0.0}