{"Open": 321.54998779296875, "High": 324.7300109863281, "Low": 315.20001220703125, "Close": 318.3800048828125, "Volume": 2315500, "Dividends": 0.0, "Stock Splits": 0, "high-low": 9.529998779296875, "Previous Close": 317.239990234375, "high-previous_close": 7.490020751953125, "low-previous_close": -2.03997802734375, "true_range": 9.529998779296875, "average_true_range": 7.157998657226562, "high_low_avg": 319.9650115966797, "lower_band": 294.9120162963867, "higher_band": 345.0180068969727, "super_trend": 343.10899047851564, "final_higher_band": 343.10899047851564, "final_lower_band": 308.45399322509763, "buy_or_sell": false, "portfolio_values": 369339.3979070965, "percentage_change": 0.0}