{"Open": 315.3399963378906, "High": 322.8599853515625, "Low": 313.4599914550781, "Close": 321.29998779296875, "Volume": 1424400, "Dividends": 0.764, "Stock Splits": 0, "high-low": 9.399993896484375, "Previous Close": 317.61602783203125, "high-previous_close": 5.24395751953125, "low-previous_close": -4.156036376953125, "true_range": 9.399993896484375, "average_true_range": 7.553090155633686, "high_low_avg": 318.1599884033203, "lower_band": 291.7241728586024, "higher_band": 344.5958039480382, "super_trend": 342.28566965130943, "final_higher_band": 342.28566965130943, "final_lower_band": 307.71382638740295, "buy_or_sell": false, "portfolio_values": 369340.35906226083, "percentage_change": 0.0}