{"Open": 194.47000122070312, "High": 194.86000061035156, "Low": 192.82000732421875, "Close": 194.6300048828125, "Volume": 4301400, "Dividends": 0.0, "Stock Splits": 0.0, "high-low": 2.0399932861328125, "Previous Close": 196.4199981689453, "high-previous_close": -1.55999755859375, "low-previous_close": -3.5999908447265625, "true_range": 2.0399932861328125, "average_true_range": 3.6089996337890624, "high_low_avg": 193.84000396728516, "lower_band": 181.20850524902343, "higher_band": 206.47150268554688, "super_trend": 206.47150268554688, "final_higher_band": 206.47150268554688, "final_lower_band": 193.73000106811523, "buy_or_sell": false, "portfolio_values": 227733.55031750572, "percentage_change": 0.0}