{"Open": 181.55999755859375, "High": 183.7100067138672, "Low": 179.27999877929688, "Close": 179.47000122070312, "Volume": 8427800, "Dividends": 0.0, "Stock Splits": 0.0, "high-low": 4.4300079345703125, "Previous Close": 181.94000244140625, "high-previous_close": 1.7700042724609375, "low-previous_close": -2.660003662109375, "true_range": 4.4300079345703125, "average_true_range": 4.023984529757106, "high_low_avg": 181.49500274658203, "lower_band": 167.41105689243216, "higher_band": 195.5789486007319, "super_trend": 195.26584460845754, "final_higher_band": 195.26584460845754, "final_lower_band": 180.38567068129967, "buy_or_sell": false, "portfolio_values": 227733.95386792405, "percentage_change": 0.0}