{"Open": 195.72999572753906, "High": 199.94000244140625, "Low": 195.63999938964844, "Close": 199.52999877929688, "Volume": 3031400, "Dividends": 0.0, "Stock Splits": 0.0, "high-low": 4.3000030517578125, "Previous Close": 195.91000366210938, "high-previous_close": 4.029998779296875, "low-previous_close": -0.2700042724609375, "true_range": 4.3000030517578125, "average_true_range": 3.8140029907226562, "high_low_avg": 197.79000091552734, "lower_band": 184.44099044799805, "higher_band": 211.13901138305664, "super_trend": 208.46601104736328, "final_higher_band": 208.46601104736328, "final_lower_band": 192.87298812866212, "buy_or_sell": false, "portfolio_values": 227734.02015305348, "percentage_change": 0.0}