{"Open": 198.4199981689453, "High": 199.1999969482422, "Low": 196.75, "Close": 198.5399932861328, "Volume": 2792000, "Dividends": 0.0, "Stock Splits": 0.0, "high-low": 2.4499969482421875, "Previous Close": 197.77000427246094, "high-previous_close": 1.42999267578125, "low-previous_close": -1.0200042724609375, "true_range": 2.4499969482421875, "average_true_range": 3.6790008544921875, "high_low_avg": 197.9749984741211, "lower_band": 185.09849548339844, "higher_band": 210.85150146484375, "super_trend": 208.46601104736328, "final_higher_band": 208.46601104736328, "final_lower_band": 193.73000106811523, "buy_or_sell": false, "portfolio_values": 227733.31412773146, "percentage_change": 0.0}