{"Open": 184.24000549316406, "High": 184.30999755859375, "Low": 180.30999755859375, "Close": 181.94000244140625, "Volume": 8238400, "Dividends": 0.0, "Stock Splits": 0.0, "high-low": 4.0, "Previous Close": 185.8000030517578, "high-previous_close": -1.4900054931640625, "low-previous_close": -5.4900054931640625, "true_range": 4.0, "average_true_range": 3.784120656350308, "high_low_avg": 182.30999755859375, "lower_band": 169.06557526136768, "higher_band": 195.55441985581982, "super_trend": 195.26584460845754, "final_higher_band": 195.26584460845754, "final_lower_band": 180.38567068129967, "buy_or_sell": false, "portfolio_values": 227734.1837752926, "percentage_change": 0.0}