{"Open": 183.5, "High": 185.47999572753906, "Low": 181.6199951171875, "Close": 182.24000549316406, "Volume": 6601500, "Dividends": 0.0, "Stock Splits": 0.0, "high-low": 3.8600006103515625, "Previous Close": 184.25999450683594, "high-previous_close": 1.220001220703125, "low-previous_close": -2.6399993896484375, "true_range": 3.8600006103515625, "average_true_range": 3.559246647568608, "high_low_avg": 183.54999542236328, "lower_band": 171.09263215587316, "higher_band": 196.0073586888534, "super_trend": 195.8366117645511, "final_higher_band": 195.8366117645511, "final_lower_band": 180.38567068129967, "buy_or_sell": false, "portfolio_values": 227733.84544786788, "percentage_change": 0.0}