{"Open": 198.33999633789062, "High": 201.17999267578125, "Low": 197.7100067138672, "Close": 201.11000061035156, "Volume": 2970500, "Dividends": 0.0, "Stock Splits": 0.0, "high-low": 3.4699859619140625, "Previous Close": 199.52999877929688, "high-previous_close": 1.649993896484375, "low-previous_close": -1.8199920654296875, "true_range": 3.4699859619140625, "average_true_range": 3.9520004272460936, "high_low_avg": 199.44499969482422, "lower_band": 185.61299819946288, "higher_band": 213.27700119018556, "super_trend": 208.46601104736328, "final_higher_band": 208.46601104736328, "final_lower_band": 192.87298812866212, "buy_or_sell": false, "portfolio_values": 227734.0118544918, "percentage_change": 0.0}