{"Open": 184.2100067138672, "High": 185.39999389648438, "Low": 180.6699981689453, "Close": 181.97000122070312, "Volume": 6909400, "Dividends": 0.0, "Stock Splits": 0.0, "high-low": 4.7299957275390625, "Previous Close": 182.24000549316406, "high-previous_close": 3.1599884033203125, "low-previous_close": -1.57000732421875, "true_range": 4.7299957275390625, "average_true_range": 3.4945281644979103, "high_low_avg": 183.03499603271484, "lower_band": 170.80414745697215, "higher_band": 195.26584460845754, "super_trend": 195.26584460845754, "final_higher_band": 195.26584460845754, "final_lower_band": 180.38567068129967, "buy_or_sell": false, "portfolio_values": 227734.04112588178, "percentage_change": 0.0}