{"Open": 194.42999267578125, "High": 194.75, "Low": 192.2899932861328, "Close": 193.72999572753906, "Volume": 3243600, "Dividends": 0.0, "Stock Splits": 0.0, "high-low": 2.4600067138671875, "Previous Close": 196.00999450683594, "high-previous_close": -1.2599945068359375, "low-previous_close": -3.720001220703125, "true_range": 2.4600067138671875, "average_true_range": 3.330000305175781, "high_low_avg": 193.5199966430664, "lower_band": 181.86499557495117, "higher_band": 205.17499771118165, "super_trend": 205.17499771118165, "final_higher_band": 205.17499771118165, "final_lower_band": 193.73000106811523, "buy_or_sell": false, "portfolio_values": 227734.33876218257, "percentage_change": 0.0}