{"Open": 194.63999938964844, "High": 196.41000366210938, "Low": 190.39999389648438, "Close": 190.4199981689453, "Volume": 3055100, "Dividends": 0.0, "Stock Splits": 0.0, "high-low": 6.010009765625, "Previous Close": 193.72999572753906, "high-previous_close": 2.6800079345703125, "low-previous_close": -3.3300018310546875, "true_range": 6.010009765625, "average_true_range": 3.5010009765625, "high_low_avg": 193.40499877929688, "lower_band": 181.15149536132813, "higher_band": 205.65850219726562, "super_trend": 205.17499771118165, "final_higher_band": 205.17499771118165, "final_lower_band": 181.15149536132813, "buy_or_sell": false, "portfolio_values": 227734.79170667642, "percentage_change": 0.0}