{"Open": 197.47000122070312, "High": 197.6699981689453, "Low": 194.72999572753906, "Close": 195.91000366210938, "Volume": 5382900, "Dividends": 0.0, "Stock Splits": 0.0, "high-low": 2.94000244140625, "Previous Close": 196.7100067138672, "high-previous_close": 0.959991455078125, "low-previous_close": -1.980010986328125, "true_range": 2.94000244140625, "average_true_range": 3.5770034790039062, "high_low_avg": 196.1999969482422, "lower_band": 183.68048477172852, "higher_band": 208.71950912475586, "super_trend": 208.46601104736328, "final_higher_band": 208.46601104736328, "final_lower_band": 192.87298812866212, "buy_or_sell": false, "portfolio_values": 227733.20400439118, "percentage_change": 0.0}