{"Open": 202.3800048828125, "High": 204.85000610351562, "Low": 202.32000732421875, "Close": 204.4499969482422, "Volume": 2952800, "Dividends": 0.0, "Stock Splits": 0.0, "high-low": 2.529998779296875, "Previous Close": 201.11000061035156, "high-previous_close": 3.7400054931640625, "low-previous_close": 1.2100067138671875, "true_range": 3.7400054931640625, "average_true_range": 4.018000793457031, "high_low_avg": 203.5850067138672, "lower_band": 189.5220039367676, "higher_band": 217.64800949096679, "super_trend": 208.46601104736328, "final_higher_band": 208.46601104736328, "final_lower_band": 192.87298812866212, "buy_or_sell": false, "portfolio_values": 227733.56448822632, "percentage_change": 0.0}