{"Open": 182.5500030517578, "High": 186.6999969482422, "Low": 181.6999969482422, "Close": 185.8000030517578, "Volume": 6923900, "Dividends": 0.0, "Stock Splits": 0.0, "high-low": 5.0, "Previous Close": 181.97000122070312, "high-previous_close": 4.7299957275390625, "low-previous_close": -0.2700042724609375, "true_range": 5.0, "average_true_range": 3.750564202341414, "high_low_avg": 184.1999969482422, "lower_band": 171.07302224004724, "higher_band": 197.32697165643714, "super_trend": 195.26584460845754, "final_higher_band": 195.26584460845754, "final_lower_band": 180.38567068129967, "buy_or_sell": false, "portfolio_values": 227733.7481729881, "percentage_change": 0.0}