{"Open": 205.52999877929688, "High": 206.99000549316406, "Low": 205.32000732421875, "Close": 206.64999389648438, "Volume": 2716700, "Dividends": 0.0, "Stock Splits": 0.0, "high-low": 1.6699981689453125, "Previous Close": 204.4499969482422, "high-previous_close": 2.540008544921875, "low-previous_close": 0.8700103759765625, "true_range": 2.540008544921875, "average_true_range": 3.550001525878906, "high_low_avg": 206.1550064086914, "lower_band": 193.73000106811523, "higher_band": 218.58001174926758, "super_trend": 208.46601104736328, "final_higher_band": 208.46601104736328, "final_lower_band": 193.73000106811523, "buy_or_sell": false, "portfolio_values": 227733.53110252053, "percentage_change": 0.0}